_id,timestamp,id,ppm
66aa386ce569505abe449025,1722431596,0,81
66aa386ce569505abe449026,1722431596,1,80
66aa386ce569505abe449027,1722431596,2,81
66aa386ce569505abe449028,1722431596,3,80
66aa386ce569505abe449029,1722431596,4,81
66aa386ce569505abe44902a,1722431596,5,81
66aa386ce569505abe44902b,1722431596,6,80
66aa386ce569505abe44902c,1722431596,7,80
66aa386ce569505abe44902d,1722431596,8,80
66aa386ce569505abe44902e,1722431596,9,82
66aa386ce569505abe44902f,1722431596,10,82
66aa386ce569505abe449030,1722431596,11,81
66aa386ce569505abe449031,1722431596,12,81
66aa386ce569505abe449032,1722431596,13,81
66aa386ce569505abe449033,1722431596,14,81
66aa386ce569505abe449034,1722431596,15,82
66aa386ce569505abe449035,1722431596,16,80
66aa386ce569505abe449036,1722431596,17,82
66aa386ce569505abe449037,1722431596,18,82
66aa386ce569505abe449038,1722431596,19,80
66aa386ce569505abe449039,1722431596,20,81
66aa386ce569505abe44903a,1722431596,21,80
66aa386ce569505abe44903b,1722431596,22,81
66aa386ce569505abe44903c,1722431596,23,80
66aa386ce569505abe44903d,1722431596,24,82
66aa386ce569505abe44903e,1722431596,25,82
66aa386ce569505abe44903f,1722431596,26,80
66aa386ce569505abe449040,1722431596,27,82
66aa386ce569505abe449041,1722431596,28,80
66aa386ce569505abe449042,1722431596,29,81
66aa386ce569505abe449043,1722431596,30,82
66aa386ce569505abe449044,1722431596,31,80
66aa386ce569505abe449045,1722431596,32,82
66aa386ce569505abe449046,1722431596,33,80
66aa386ce569505abe449047,1722431596,34,80
66aa386ce569505abe449048,1722431596,35,82
66aa386ce569505abe449049,1722431596,36,80
66aa386ce569505abe44904a,1722431596,37,82
66aa386ce569505abe44904b,1722431596,38,80
66aa386ce569505abe44904c,1722431596,39,80
66aa386ce569505abe44904d,1722431596,40,82
66aa386ce569505abe44904e,1722431596,41,81
66aa386ce569505abe44904f,1722431596,42,81
66aa386ce569505abe449050,1722431596,43,81
66aa386ce569505abe449051,1722431596,44,80
66aa386ce569505abe449052,1722431596,45,80
66aa386ce569505abe449053,1722431596,46,81
66aa386ce569505abe449054,1722431596,47,81
66aa386ce569505abe449055,1722431596,48,81
66aa386ce569505abe449056,1722431596,49,81
66aa386de569505abe449057,1722431596,50,81
66aa386de569505abe449058,1722431597,51,82
66aa386de569505abe449059,1722431597,52,81
66aa386de569505abe44905a,1722431597,53,80
66aa386de569505abe44905b,1722431597,54,80
66aa386de569505abe44905c,1722431597,55,81
66aa386de569505abe44905d,1722431597,56,80
66aa386de569505abe44905e,1722431597,57,82
66aa386de569505abe44905f,1722431597,58,82
66aa386de569505abe449060,1722431597,59,81
66aa386de569505abe449061,1722431597,60,82
66aa386de569505abe449062,1722431597,61,80
66aa386de569505abe449063,1722431597,62,82
66aa386de569505abe449064,1722431597,63,80
66aa386de569505abe449065,1722431597,64,80
66aa386de569505abe449066,1722431597,65,81
66aa386de569505abe449067,1722431597,66,81
66aa386de569505abe449068,1722431597,67,80
66aa386de569505abe449069,1722431597,68,81
66aa386de569505abe44906a,1722431597,69,81
66aa386de569505abe44906b,1722431597,70,81
66aa386de569505abe44906c,1722431597,71,82
66aa386de569505abe44906d,1722431597,72,82
66aa386de569505abe44906e,1722431597,73,81
66aa386de569505abe44906f,1722431597,74,80
66aa386de569505abe449070,1722431597,75,80
66aa386de569505abe449071,1722431597,76,80
66aa386de569505abe449072,1722431597,77,80
66aa386de569505abe449073,1722431597,78,80
66aa386de569505abe449074,1722431597,79,81
66aa386de569505abe449075,1722431597,80,82
66aa386de569505abe449076,1722431597,81,80
66aa386de569505abe449077,1722431597,82,82
66aa386de569505abe449078,1722431597,83,80
66aa386de569505abe449079,1722431597,84,82
66aa386de569505abe44907a,1722431597,85,80
66aa386de569505abe44907b,1722431597,86,81
66aa386de569505abe44907c,1722431597,87,81
66aa386de569505abe44907d,1722431597,88,81
66aa386de569505abe44907e,1722431597,89,81
66aa386de569505abe44907f,1722431597,90,81
66aa386de569505abe449080,1722431597,91,81
66aa386de569505abe449081,1722431597,92,82
66aa386de569505abe449082,1722431597,93,82
66aa386de569505abe449083,1722431597,94,82
66aa386de569505abe449084,1722431597,95,82
66aa386de569505abe449085,1722431597,96,82
66aa386de569505abe449086,1722431597,97,81
66aa386de569505abe449087,1722431597,98,82
66aa386de569505abe449088,1722431597,99,81
66aa386de569505abe449089,1722431597,100,80
66aa386de569505abe44908a,1722431597,101,80
66aa386de569505abe44908b,1722431597,102,80
66aa386de569505abe44908c,1722431597,103,82
66aa386de569505abe44908d,1722431597,104,82
66aa386de569505abe44908e,1722431597,105,81
66aa386de569505abe44908f,1722431597,106,81
66aa386de569505abe449090,1722431597,107,81
66aa386de569505abe449091,1722431597,108,80
66aa386de569505abe449092,1722431597,109,82
66aa386de569505abe449093,1722431597,110,80
66aa386de569505abe449094,1722431597,111,81
66aa386de569505abe449095,1722431597,112,82
66aa386de569505abe449096,1722431597,113,81
66aa386de569505abe449097,1722431597,114,80
66aa386de569505abe449098,1722431597,115,82
66aa386de569505abe449099,1722431597,116,80
66aa386de569505abe44909a,1722431597,117,80
66aa386de569505abe44909b,1722431597,118,81
66aa386de569505abe44909c,1722431597,119,82
66aa386de569505abe44909d,1722431597,120,80
66aa386de569505abe44909e,1722431597,121,81
66aa386de569505abe44909f,1722431597,122,82
66aa386de569505abe4490a0,1722431597,123,81
66aa386de569505abe4490a1,1722431597,124,80
66aa386de569505abe4490a2,1722431597,125,82
66aa386de569505abe4490a3,1722431597,126,80
66aa386de569505abe4490a4,1722431597,127,80
66aa386de569505abe4490a5,1722431597,128,80
66aa386de569505abe4490a6,1722431597,129,80
66aa386de569505abe4490a7,1722431597,130,82
66aa386de569505abe4490a8,1722431597,131,80
66aa386de569505abe4490a9,1722431597,132,80
66aa386de569505abe4490aa,1722431597,133,81
66aa386de569505abe4490ab,1722431597,134,80
66aa386de569505abe4490ac,1722431597,135,82
66aa386de569505abe4490ad,1722431597,136,80
66aa386de569505abe4490ae,1722431597,137,80
66aa386de569505abe4490af,1722431597,138,81
66aa386de569505abe4490b0,1722431597,139,81
66aa386de569505abe4490b1,1722431597,140,82
66aa386de569505abe4490b2,1722431597,141,82
66aa386de569505abe4490b3,1722431597,142,81
66aa386de569505abe4490b4,1722431597,143,80
66aa386de569505abe4490b5,1722431597,144,80
66aa386de569505abe4490b6,1722431597,145,80
66aa386de569505abe4490b7,1722431597,146,81
66aa386de569505abe4490b8,1722431597,147,82
66aa386de569505abe4490b9,1722431597,148,80
66aa386de569505abe4490ba,1722431597,149,82
66aa386de569505abe4490bb,1722431597,150,81
66aa386de569505abe4490bc,1722431597,151,82
66aa386de569505abe4490bd,1722431597,152,81
66aa386de569505abe4490be,1722431597,153,82
66aa386de569505abe4490bf,1722431597,154,80
66aa386de569505abe4490c0,1722431597,155,81
66aa386de569505abe4490c1,1722431597,156,82
66aa386de569505abe4490c2,1722431597,157,81
66aa386de569505abe4490c3,1722431597,158,80
66aa386de569505abe4490c4,1722431597,159,81
66aa386de569505abe4490c5,1722431597,160,82
66aa386de569505abe4490c6,1722431597,161,80
66aa386de569505abe4490c7,1722431597,162,81
66aa386de569505abe4490c8,1722431597,163,80
66aa386de569505abe4490c9,1722431597,164,82
66aa386de569505abe4490ca,1722431597,165,81
66aa386de569505abe4490cb,1722431597,166,82
66aa386de569505abe4490cc,1722431597,167,80
66aa386de569505abe4490cd,1722431597,168,80
66aa386de569505abe4490ce,1722431597,169,80
66aa386de569505abe4490cf,1722431597,170,82
66aa386de569505abe4490d0,1722431597,171,81
66aa386de569505abe4490d1,1722431597,172,80
66aa386de569505abe4490d2,1722431597,173,80
66aa386de569505abe4490d3,1722431597,174,82
66aa386de569505abe4490d4,1722431597,175,82
66aa386de569505abe4490d5,1722431597,176,81
66aa386de569505abe4490d6,1722431597,177,80
66aa386de569505abe4490d7,1722431597,178,80
66aa386de569505abe4490d8,1722431597,179,80
66aa386de569505abe4490d9,1722431597,180,81
66aa386de569505abe4490da,1722431597,181,81
66aa386de569505abe4490db,1722431597,182,80
66aa386de569505abe4490dc,1722431597,183,82
66aa386de569505abe4490dd,1722431597,184,81
66aa386de569505abe4490de,1722431597,185,81
66aa386de569505abe4490df,1722431597,186,80
66aa386de569505abe4490e0,1722431597,187,80
66aa386de569505abe4490e1,1722431597,188,81
66aa386de569505abe4490e2,1722431597,189,81
66aa386de569505abe4490e3,1722431597,190,80
66aa386de569505abe4490e4,1722431597,191,81
66aa386de569505abe4490e5,1722431597,192,80
66aa386de569505abe4490e6,1722431597,193,82
66aa386de569505abe4490e7,1722431597,194,81
66aa386de569505abe4490e8,1722431597,195,81
66aa386de569505abe4490e9,1722431597,196,82
66aa386de569505abe4490ea,1722431597,197,80
66aa386de569505abe4490eb,1722431597,198,81
66aa386de569505abe4490ec,1722431597,199,82
66aa386de569505abe4490ed,1722431597,200,80
66aa386de569505abe4490ee,1722431597,201,80
66aa386de569505abe4490ef,1722431597,202,82
66aa386de569505abe4490f0,1722431597,203,82
66aa386de569505abe4490f1,1722431597,204,82
66aa386de569505abe4490f2,1722431597,205,82
66aa386de569505abe4490f3,1722431597,206,80
66aa386de569505abe4490f4,1722431597,207,82
66aa386de569505abe4490f5,1722431597,208,80
66aa386de569505abe4490f6,1722431597,209,80
66aa386de569505abe4490f7,1722431597,210,80
66aa386de569505abe4490f8,1722431597,211,82
66aa386de569505abe4490f9,1722431597,212,81
66aa386de569505abe4490fa,1722431597,213,80
66aa386de569505abe4490fb,1722431597,214,82
66aa386de569505abe4490fc,1722431597,215,80
66aa386de569505abe4490fd,1722431597,216,81
66aa386de569505abe4490fe,1722431597,217,81
66aa386de569505abe4490ff,1722431597,218,80
66aa386de569505abe449100,1722431597,219,82
66aa386de569505abe449101,1722431597,220,81
66aa386de569505abe449102,1722431597,221,82
66aa386de569505abe449103,1722431597,222,80
66aa386de569505abe449104,1722431597,223,80
66aa386de569505abe449105,1722431597,224,81
66aa386de569505abe449106,1722431597,225,81
66aa386de569505abe449107,1722431597,226,80
66aa386de569505abe449108,1722431597,227,82
66aa386de569505abe449109,1722431597,228,81
66aa386de569505abe44910a,1722431597,229,80
66aa386de569505abe44910b,1722431597,230,81
66aa386de569505abe44910c,1722431597,231,80
66aa386ee569505abe44910d,1722431597,232,80
66aa386ee569505abe44910e,1722431598,233,81
66aa386ee569505abe44910f,1722431598,234,82
66aa386ee569505abe449110,1722431598,235,82
66aa386ee569505abe449111,1722431598,236,80
66aa386ee569505abe449112,1722431598,237,81
66aa386ee569505abe449113,1722431598,238,80
66aa386ee569505abe449114,1722431598,239,81
66aa386ee569505abe449115,1722431598,240,80
66aa386ee569505abe449116,1722431598,241,80
66aa386ee569505abe449117,1722431598,242,80
66aa386ee569505abe449118,1722431598,243,82
66aa386ee569505abe449119,1722431598,244,80
66aa386ee569505abe44911a,1722431598,245,80
66aa386ee569505abe44911b,1722431598,246,82
66aa386ee569505abe44911c,1722431598,247,81
66aa386ee569505abe44911d,1722431598,248,82
66aa386ee569505abe44911e,1722431598,249,82
66aa386ee569505abe44911f,1722431598,250,81
66aa386ee569505abe449120,1722431598,251,82
66aa386ee569505abe449121,1722431598,252,80
66aa386ee569505abe449122,1722431598,253,82
66aa386ee569505abe449123,1722431598,254,81
66aa386ee569505abe449124,1722431598,255,82
66aa386ee569505abe449125,1722431598,256,81
66aa386ee569505abe449126,1722431598,257,82
66aa386ee569505abe449127,1722431598,258,81
66aa386ee569505abe449128,1722431598,259,82
66aa386ee569505abe449129,1722431598,260,81
66aa386ee569505abe44912a,1722431598,261,80
66aa386ee569505abe44912b,1722431598,262,80
66aa386ee569505abe44912c,1722431598,263,80
66aa386ee569505abe44912d,1722431598,264,80
66aa386ee569505abe44912e,1722431598,265,81
66aa386ee569505abe44912f,1722431598,266,80
66aa386ee569505abe449130,1722431598,267,80
66aa386ee569505abe449131,1722431598,268,81
66aa386ee569505abe449132,1722431598,269,82
66aa386ee569505abe449133,1722431598,270,82
66aa386ee569505abe449134,1722431598,271,80
66aa386ee569505abe449135,1722431598,272,81
66aa386ee569505abe449136,1722431598,273,80
66aa386ee569505abe449137,1722431598,274,80
66aa386ee569505abe449138,1722431598,275,81
66aa386ee569505abe449139,1722431598,276,81
66aa386ee569505abe44913a,1722431598,277,82
66aa386ee569505abe44913b,1722431598,278,81
66aa386ee569505abe44913c,1722431598,279,80
66aa386ee569505abe44913d,1722431598,280,80
66aa386ee569505abe44913e,1722431598,281,80
66aa386ee569505abe44913f,1722431598,282,82
66aa386ee569505abe449140,1722431598,283,81
66aa386ee569505abe449141,1722431598,284,81
66aa386ee569505abe449142,1722431598,285,81
66aa386ee569505abe449143,1722431598,286,81
66aa386ee569505abe449144,1722431598,287,82
66aa386ee569505abe449145,1722431598,288,81
66aa386ee569505abe449146,1722431598,289,82
66aa386ee569505abe449147,1722431598,290,80
66aa386ee569505abe449148,1722431598,291,81
66aa386ee569505abe449149,1722431598,292,82
66aa386ee569505abe44914a,1722431598,293,82
66aa386ee569505abe44914b,1722431598,294,81
66aa386ee569505abe44914c,1722431598,295,80
66aa386ee569505abe44914d,1722431598,296,82
66aa386ee569505abe44914e,1722431598,297,82
66aa386ee569505abe44914f,1722431598,298,82
66aa386ee569505abe449150,1722431598,299,81
66aa386ee569505abe449151,1722431598,300,81
66aa386ee569505abe449152,1722431598,301,80
66aa386ee569505abe449153,1722431598,302,81
66aa386ee569505abe449154,1722431598,303,81
66aa386ee569505abe449155,1722431598,304,82
66aa386ee569505abe449156,1722431598,305,81
66aa386ee569505abe449157,1722431598,306,82
66aa386ee569505abe449158,1722431598,307,81
66aa386ee569505abe449159,1722431598,308,80
66aa386ee569505abe44915a,1722431598,309,80
66aa386ee569505abe44915b,1722431598,310,80
66aa386ee569505abe44915c,1722431598,311,80
66aa386ee569505abe44915d,1722431598,312,82
66aa386ee569505abe44915e,1722431598,313,81
66aa386ee569505abe44915f,1722431598,314,80
66aa386ee569505abe449160,1722431598,315,81
66aa386ee569505abe449161,1722431598,316,80
66aa386ee569505abe449162,1722431598,317,81
66aa386ee569505abe449163,1722431598,318,81
66aa386ee569505abe449164,1722431598,319,82
66aa386ee569505abe449165,1722431598,320,82
66aa386ee569505abe449166,1722431598,321,82
66aa386ee569505abe449167,1722431598,322,80
66aa386ee569505abe449168,1722431598,323,81
66aa386ee569505abe449169,1722431598,324,81
66aa386ee569505abe44916a,1722431598,325,82
66aa386ee569505abe44916b,1722431598,326,81
66aa386ee569505abe44916c,1722431598,327,81
66aa386ee569505abe44916d,1722431598,328,82
66aa386ee569505abe44916e,1722431598,329,81
66aa386ee569505abe44916f,1722431598,330,82
66aa386ee569505abe449170,1722431598,331,81
66aa386ee569505abe449171,1722431598,332,80
66aa386ee569505abe449172,1722431598,333,80
66aa386ee569505abe449173,1722431598,334,81
66aa386ee569505abe449174,1722431598,335,82
66aa386ee569505abe449175,1722431598,336,81
66aa386ee569505abe449176,1722431598,337,80
66aa386ee569505abe449177,1722431598,338,80
66aa386ee569505abe449178,1722431598,339,82
66aa386ee569505abe449179,1722431598,340,82
66aa386ee569505abe44917a,1722431598,341,80
66aa386ee569505abe44917b,1722431598,342,81
66aa386ee569505abe44917c,1722431598,343,82
66aa386ee569505abe44917d,1722431598,344,80
66aa386ee569505abe44917e,1722431598,345,80
66aa386ee569505abe44917f,1722431598,346,80
66aa386ee569505abe449180,1722431598,347,80
66aa386ee569505abe449181,1722431598,348,82
66aa386ee569505abe449182,1722431598,349,80
66aa386ee569505abe449183,1722431598,350,80
66aa386ee569505abe449184,1722431598,351,82
66aa386ee569505abe449185,1722431598,352,81
66aa386ee569505abe449186,1722431598,353,80
66aa386ee569505abe449187,1722431598,354,80
66aa386ee569505abe449188,1722431598,355,82
66aa386ee569505abe449189,1722431598,356,80
66aa386ee569505abe44918a,1722431598,357,80
66aa386ee569505abe44918b,1722431598,358,81
66aa386ee569505abe44918c,1722431598,359,82
66aa386ee569505abe44918d,1722431598,360,80
66aa386ee569505abe44918e,1722431598,361,81
66aa386ee569505abe44918f,1722431598,362,81
66aa386ee569505abe449190,1722431598,363,82
66aa386ee569505abe449191,1722431598,364,81
66aa386ee569505abe449192,1722431598,365,80
66aa386ee569505abe449193,1722431598,366,82
66aa386ee569505abe449194,1722431598,367,82
66aa386ee569505abe449195,1722431598,368,80
66aa386ee569505abe449196,1722431598,369,82
66aa386ee569505abe449197,1722431598,370,81
66aa386ee569505abe449198,1722431598,371,80
66aa386ee569505abe449199,1722431598,372,81
66aa386ee569505abe44919a,1722431598,373,80
66aa386ee569505abe44919b,1722431598,374,82
66aa386ee569505abe44919c,1722431598,375,82
66aa386ee569505abe44919d,1722431598,376,82
66aa386ee569505abe44919e,1722431598,377,80
66aa386ee569505abe44919f,1722431598,378,80
66aa386ee569505abe4491a0,1722431598,379,80
66aa386ee569505abe4491a1,1722431598,380,81
66aa386ee569505abe4491a2,1722431598,381,82
66aa386ee569505abe4491a3,1722431598,382,82
66aa386ee569505abe4491a4,1722431598,383,82
66aa386ee569505abe4491a5,1722431598,384,80
66aa386ee569505abe4491a6,1722431598,385,82
66aa386ee569505abe4491a7,1722431598,386,80
66aa386ee569505abe4491a8,1722431598,387,80
66aa386ee569505abe4491a9,1722431598,388,80
66aa386ee569505abe4491aa,1722431598,389,81
66aa386ee569505abe4491ab,1722431598,390,82
66aa386ee569505abe4491ac,1722431598,391,82
66aa386ee569505abe4491ad,1722431598,392,81
66aa386ee569505abe4491ae,1722431598,393,80
66aa386ee569505abe4491af,1722431598,394,81
66aa386ee569505abe4491b0,1722431598,395,81
66aa386ee569505abe4491b1,1722431598,396,80
66aa386ee569505abe4491b2,1722431598,397,81
66aa386ee569505abe4491b3,1722431598,398,82
66aa386ee569505abe4491b4,1722431598,399,80
66aa386ee569505abe4491b5,1722431598,400,80
66aa386ee569505abe4491b6,1722431598,401,80
66aa386ee569505abe4491b7,1722431598,402,81
66aa386ee569505abe4491b8,1722431598,403,80
66aa386ee569505abe4491b9,1722431598,404,80
66aa386ee569505abe4491ba,1722431598,405,81
66aa386ee569505abe4491bb,1722431598,406,81
66aa386ee569505abe4491bc,1722431598,407,80
66aa386ee569505abe4491bd,1722431598,408,81
66aa386ee569505abe4491be,1722431598,409,82
66aa386ee569505abe4491bf,1722431598,410,80
66aa386ee569505abe4491c0,1722431598,411,80
66aa386ee569505abe4491c1,1722431598,412,82
66aa386fe569505abe4491c2,1722431599,413,81
66aa386fe569505abe4491c3,1722431599,414,82
66aa386fe569505abe4491c4,1722431599,415,81
66aa386fe569505abe4491c5,1722431599,416,82
66aa386fe569505abe4491c6,1722431599,417,82
66aa386fe569505abe4491c7,1722431599,418,80
66aa386fe569505abe4491c8,1722431599,419,82
66aa386fe569505abe4491c9,1722431599,420,81
66aa386fe569505abe4491ca,1722431599,421,80
66aa386fe569505abe4491cb,1722431599,422,82
66aa386fe569505abe4491cc,1722431599,423,82
66aa386fe569505abe4491cd,1722431599,424,81
66aa386fe569505abe4491ce,1722431599,425,80
66aa386fe569505abe4491cf,1722431599,426,82
66aa386fe569505abe4491d0,1722431599,427,81
66aa386fe569505abe4491d1,1722431599,428,81
66aa386fe569505abe4491d2,1722431599,429,80
66aa386fe569505abe4491d3,1722431599,430,80
66aa386fe569505abe4491d4,1722431599,431,82
66aa386fe569505abe4491d5,1722431599,432,80
66aa386fe569505abe4491d6,1722431599,433,82
66aa386fe569505abe4491d7,1722431599,434,82
66aa386fe569505abe4491d8,1722431599,435,81
66aa386fe569505abe4491d9,1722431599,436,82
66aa386fe569505abe4491da,1722431599,437,82
66aa386fe569505abe4491db,1722431599,438,81
66aa386fe569505abe4491dc,1722431599,439,80
66aa386fe569505abe4491dd,1722431599,440,82
66aa386fe569505abe4491de,1722431599,441,80
66aa386fe569505abe4491df,1722431599,442,82
66aa386fe569505abe4491e0,1722431599,443,80
66aa386fe569505abe4491e1,1722431599,444,82
66aa386fe569505abe4491e2,1722431599,445,80
66aa386fe569505abe4491e3,1722431599,446,80
66aa386fe569505abe4491e4,1722431599,447,82
66aa386fe569505abe4491e5,1722431599,448,82
66aa386fe569505abe4491e6,1722431599,449,80
66aa386fe569505abe4491e7,1722431599,450,82
66aa386fe569505abe4491e8,1722431599,451,81
66aa386fe569505abe4491e9,1722431599,452,80
66aa386fe569505abe4491ea,1722431599,453,82
66aa386fe569505abe4491eb,1722431599,454,82
66aa386fe569505abe4491ec,1722431599,455,82
66aa386fe569505abe4491ed,1722431599,456,82
66aa386fe569505abe4491ee,1722431599,457,80
66aa386fe569505abe4491ef,1722431599,458,81
66aa386fe569505abe4491f0,1722431599,459,82
66aa386fe569505abe4491f1,1722431599,460,80
66aa386fe569505abe4491f2,1722431599,461,81
66aa386fe569505abe4491f3,1722431599,462,82
66aa386fe569505abe4491f4,1722431599,463,81
66aa386fe569505abe4491f5,1722431599,464,81
66aa386fe569505abe4491f6,1722431599,465,82
66aa386fe569505abe4491f7,1722431599,466,80
66aa386fe569505abe4491f8,1722431599,467,80
66aa386fe569505abe4491f9,1722431599,468,80
66aa386fe569505abe4491fa,1722431599,469,81
66aa386fe569505abe4491fb,1722431599,470,80
66aa386fe569505abe4491fc,1722431599,471,82
66aa386fe569505abe4491fd,1722431599,472,81
66aa386fe569505abe4491fe,1722431599,473,81
66aa386fe569505abe4491ff,1722431599,474,81
66aa386fe569505abe449200,1722431599,475,82
66aa386fe569505abe449201,1722431599,476,82
66aa386fe569505abe449202,1722431599,477,82
66aa386fe569505abe449203,1722431599,478,82
66aa386fe569505abe449204,1722431599,479,81
66aa386fe569505abe449205,1722431599,480,82
66aa386fe569505abe449206,1722431599,481,82
66aa386fe569505abe449207,1722431599,482,81
66aa386fe569505abe449208,1722431599,483,81
66aa386fe569505abe449209,1722431599,484,81
66aa386fe569505abe44920a,1722431599,485,80
66aa386fe569505abe44920b,1722431599,486,80
66aa386fe569505abe44920c,1722431599,487,80
66aa386fe569505abe44920d,1722431599,488,81
66aa386fe569505abe44920e,1722431599,489,80
66aa386fe569505abe44920f,1722431599,490,80
66aa386fe569505abe449210,1722431599,491,81
66aa386fe569505abe449211,1722431599,492,82
66aa386fe569505abe449212,1722431599,493,80
66aa386fe569505abe449213,1722431599,494,81
66aa386fe569505abe449214,1722431599,495,81
66aa386fe569505abe449215,1722431599,496,82
66aa386fe569505abe449216,1722431599,497,82
66aa386fe569505abe449217,1722431599,498,82
66aa386fe569505abe449218,1722431599,499,80
66aa386fe569505abe449219,1722431599,500,81
66aa386fe569505abe44921a,1722431599,501,80
66aa386fe569505abe44921b,1722431599,502,80
66aa386fe569505abe44921c,1722431599,503,82
66aa386fe569505abe44921d,1722431599,504,81
66aa386fe569505abe44921e,1722431599,505,82
66aa386fe569505abe44921f,1722431599,506,80
66aa386fe569505abe449220,1722431599,507,82
66aa386fe569505abe449221,1722431599,508,81
66aa386fe569505abe449222,1722431599,509,80
66aa386fe569505abe449223,1722431599,510,81
66aa386fe569505abe449224,1722431599,511,82
66aa386fe569505abe449225,1722431599,512,81
66aa386fe569505abe449226,1722431599,513,81
66aa386fe569505abe449227,1722431599,514,82
66aa386fe569505abe449228,1722431599,515,81
66aa386fe569505abe449229,1722431599,516,80
66aa386fe569505abe44922a,1722431599,517,82
66aa386fe569505abe44922b,1722431599,518,81
66aa386fe569505abe44922c,1722431599,519,81
66aa386fe569505abe44922d,1722431599,520,81
66aa386fe569505abe44922e,1722431599,521,81
66aa386fe569505abe44922f,1722431599,522,80
66aa386fe569505abe449230,1722431599,523,80
66aa386fe569505abe449231,1722431599,524,81
66aa386fe569505abe449232,1722431599,525,80
66aa386fe569505abe449233,1722431599,526,82
66aa386fe569505abe449234,1722431599,527,82
66aa386fe569505abe449235,1722431599,528,80
66aa386fe569505abe449236,1722431599,529,80
66aa386fe569505abe449237,1722431599,530,81
66aa386fe569505abe449238,1722431599,531,81
66aa386fe569505abe449239,1722431599,532,82
66aa386fe569505abe44923a,1722431599,533,80
66aa386fe569505abe44923b,1722431599,534,81
66aa386fe569505abe44923c,1722431599,535,82
66aa386fe569505abe44923d,1722431599,536,82
66aa386fe569505abe44923e,1722431599,537,80
66aa386fe569505abe44923f,1722431599,538,82
66aa386fe569505abe449240,1722431599,539,81
66aa386fe569505abe449241,1722431599,540,81
66aa386fe569505abe449242,1722431599,541,81
66aa386fe569505abe449243,1722431599,542,82
66aa386fe569505abe449244,1722431599,543,81
66aa386fe569505abe449245,1722431599,544,81
66aa386fe569505abe449246,1722431599,545,81
66aa386fe569505abe449247,1722431599,546,80
66aa386fe569505abe449248,1722431599,547,80
66aa386fe569505abe449249,1722431599,548,82
66aa386fe569505abe44924a,1722431599,549,81
66aa386fe569505abe44924b,1722431599,550,81
66aa386fe569505abe44924c,1722431599,551,80
66aa386fe569505abe44924d,1722431599,552,82
66aa386fe569505abe44924e,1722431599,553,82
66aa386fe569505abe44924f,1722431599,554,80
66aa386fe569505abe449250,1722431599,555,81
66aa386fe569505abe449251,1722431599,556,82
66aa386fe569505abe449252,1722431599,557,80
66aa386fe569505abe449253,1722431599,558,81
66aa386fe569505abe449254,1722431599,559,81
66aa386fe569505abe449255,1722431599,560,81
66aa386fe569505abe449256,1722431599,561,81
66aa386fe569505abe449257,1722431599,562,82
66aa386fe569505abe449258,1722431599,563,82
66aa386fe569505abe449259,1722431599,564,81
66aa386fe569505abe44925a,1722431599,565,82
66aa386fe569505abe44925b,1722431599,566,80
66aa386fe569505abe44925c,1722431599,567,81
66aa386fe569505abe44925d,1722431599,568,80
66aa386fe569505abe44925e,1722431599,569,82
66aa386fe569505abe44925f,1722431599,570,81
66aa386fe569505abe449260,1722431599,571,81
66aa386fe569505abe449261,1722431599,572,81
66aa386fe569505abe449262,1722431599,573,81
66aa386fe569505abe449263,1722431599,574,81
66aa386fe569505abe449264,1722431599,575,82
66aa386fe569505abe449265,1722431599,576,81
66aa386fe569505abe449266,1722431599,577,80
66aa386fe569505abe449267,1722431599,578,80
66aa386fe569505abe449268,1722431599,579,81
66aa386fe569505abe449269,1722431599,580,82
66aa386fe569505abe44926a,1722431599,581,80
66aa386fe569505abe44926b,1722431599,582,81
66aa386fe569505abe44926c,1722431599,583,81
66aa386fe569505abe44926d,1722431599,584,82
66aa386fe569505abe44926e,1722431599,585,80
66aa386fe569505abe44926f,1722431599,586,82
66aa386fe569505abe449270,1722431599,587,80
66aa386fe569505abe449271,1722431599,588,82
66aa386fe569505abe449272,1722431599,589,82
66aa386fe569505abe449273,1722431599,590,82
66aa3870e569505abe449274,1722431599,591,81
66aa3870e569505abe449275,1722431600,592,82
66aa3870e569505abe449276,1722431600,593,81
66aa3870e569505abe449277,1722431600,594,82
66aa3870e569505abe449278,1722431600,595,80
66aa3870e569505abe449279,1722431600,596,81
66aa3870e569505abe44927a,1722431600,597,80
66aa3870e569505abe44927b,1722431600,598,80
66aa3870e569505abe44927c,1722431600,599,80
66aa3870e569505abe44927d,1722431600,600,80
66aa3870e569505abe44927e,1722431600,601,82
66aa3870e569505abe44927f,1722431600,602,82
66aa3870e569505abe449280,1722431600,603,81
66aa3870e569505abe449281,1722431600,604,82
66aa3870e569505abe449282,1722431600,605,82
66aa3870e569505abe449283,1722431600,606,82
66aa3870e569505abe449284,1722431600,607,81
66aa3870e569505abe449285,1722431600,608,80
66aa3870e569505abe449286,1722431600,609,82
66aa3870e569505abe449287,1722431600,610,81
66aa3870e569505abe449288,1722431600,611,81
66aa3870e569505abe449289,1722431600,612,80
66aa3870e569505abe44928a,1722431600,613,81
66aa3870e569505abe44928b,1722431600,614,80
66aa3870e569505abe44928c,1722431600,615,82
66aa3870e569505abe44928d,1722431600,616,82
66aa3870e569505abe44928e,1722431600,617,80
66aa3870e569505abe44928f,1722431600,618,80
66aa3870e569505abe449290,1722431600,619,80
66aa3870e569505abe449291,1722431600,620,82
66aa3870e569505abe449292,1722431600,621,81
66aa3870e569505abe449293,1722431600,622,81
66aa3870e569505abe449294,1722431600,623,80
66aa3870e569505abe449295,1722431600,624,81
66aa3870e569505abe449296,1722431600,625,80
66aa3870e569505abe449297,1722431600,626,80
66aa3870e569505abe449298,1722431600,627,82
66aa3870e569505abe449299,1722431600,628,81
66aa3870e569505abe44929a,1722431600,629,82
66aa3870e569505abe44929b,1722431600,630,80
66aa3870e569505abe44929c,1722431600,631,80
66aa3870e569505abe44929d,1722431600,632,82
66aa3870e569505abe44929e,1722431600,633,82
66aa3870e569505abe44929f,1722431600,634,81
66aa3870e569505abe4492a0,1722431600,635,80
66aa3870e569505abe4492a1,1722431600,636,81
66aa3870e569505abe4492a2,1722431600,637,81
66aa3870e569505abe4492a3,1722431600,638,82
66aa3870e569505abe4492a4,1722431600,639,81
66aa3870e569505abe4492a5,1722431600,640,81
66aa3870e569505abe4492a6,1722431600,641,80
66aa3870e569505abe4492a7,1722431600,642,82
66aa3870e569505abe4492a8,1722431600,643,82
66aa3870e569505abe4492a9,1722431600,644,81
66aa3870e569505abe4492aa,1722431600,645,82
66aa3870e569505abe4492ab,1722431600,646,80
66aa3870e569505abe4492ac,1722431600,647,80
66aa3870e569505abe4492ad,1722431600,648,82
66aa3870e569505abe4492ae,1722431600,649,82
66aa3870e569505abe4492af,1722431600,650,80
66aa3870e569505abe4492b0,1722431600,651,82
66aa3870e569505abe4492b1,1722431600,652,80
66aa3870e569505abe4492b2,1722431600,653,80
66aa3870e569505abe4492b3,1722431600,654,81
66aa3870e569505abe4492b4,1722431600,655,80
66aa3870e569505abe4492b5,1722431600,656,80
66aa3870e569505abe4492b6,1722431600,657,80
66aa3870e569505abe4492b7,1722431600,658,80
66aa3870e569505abe4492b8,1722431600,659,81
66aa3870e569505abe4492b9,1722431600,660,82
66aa3870e569505abe4492ba,1722431600,661,81
66aa3870e569505abe4492bb,1722431600,662,81
66aa3870e569505abe4492bc,1722431600,663,81
66aa3870e569505abe4492bd,1722431600,664,80
66aa3870e569505abe4492be,1722431600,665,80
66aa3870e569505abe4492bf,1722431600,666,81
66aa3870e569505abe4492c0,1722431600,667,81
66aa3870e569505abe4492c1,1722431600,668,81
66aa3870e569505abe4492c2,1722431600,669,80
66aa3870e569505abe4492c3,1722431600,670,81
66aa3870e569505abe4492c4,1722431600,671,80
66aa3870e569505abe4492c5,1722431600,672,80
66aa3870e569505abe4492c6,1722431600,673,82
66aa3870e569505abe4492c7,1722431600,674,82
66aa3870e569505abe4492c8,1722431600,675,82
66aa3870e569505abe4492c9,1722431600,676,82
66aa3870e569505abe4492ca,1722431600,677,81
66aa3870e569505abe4492cb,1722431600,678,80
66aa3870e569505abe4492cc,1722431600,679,81
66aa3870e569505abe4492cd,1722431600,680,82
66aa3870e569505abe4492ce,1722431600,681,82
66aa3870e569505abe4492cf,1722431600,682,82
66aa3870e569505abe4492d0,1722431600,683,82
66aa3870e569505abe4492d1,1722431600,684,80
66aa3870e569505abe4492d2,1722431600,685,82
66aa3870e569505abe4492d3,1722431600,686,81
66aa3870e569505abe4492d4,1722431600,687,82
66aa3870e569505abe4492d5,1722431600,688,82
66aa3870e569505abe4492d6,1722431600,689,80
66aa3870e569505abe4492d7,1722431600,690,82
66aa3870e569505abe4492d8,1722431600,691,80
66aa3870e569505abe4492d9,1722431600,692,80
66aa3870e569505abe4492da,1722431600,693,80
66aa3870e569505abe4492db,1722431600,694,81
66aa3870e569505abe4492dc,1722431600,695,82
66aa3870e569505abe4492dd,1722431600,696,82
66aa3870e569505abe4492de,1722431600,697,82
66aa3870e569505abe4492df,1722431600,698,81
66aa3870e569505abe4492e0,1722431600,699,80
66aa3870e569505abe4492e1,1722431600,700,81
66aa3870e569505abe4492e2,1722431600,701,80
66aa3870e569505abe4492e3,1722431600,702,82
66aa3870e569505abe4492e4,1722431600,703,81
66aa3870e569505abe4492e5,1722431600,704,81
66aa3870e569505abe4492e6,1722431600,705,81
66aa3870e569505abe4492e7,1722431600,706,81
66aa3870e569505abe4492e8,1722431600,707,82
66aa3870e569505abe4492e9,1722431600,708,81
66aa3870e569505abe4492ea,1722431600,709,81
66aa3870e569505abe4492eb,1722431600,710,82
66aa3870e569505abe4492ec,1722431600,711,81
66aa3870e569505abe4492ed,1722431600,712,80
66aa3870e569505abe4492ee,1722431600,713,81
66aa3870e569505abe4492ef,1722431600,714,81
66aa3870e569505abe4492f0,1722431600,715,82
66aa3870e569505abe4492f1,1722431600,716,81
66aa3870e569505abe4492f2,1722431600,717,80
66aa3870e569505abe4492f3,1722431600,718,81
66aa3870e569505abe4492f4,1722431600,719,80
66aa3870e569505abe4492f5,1722431600,720,81
66aa3870e569505abe4492f6,1722431600,721,82
66aa3870e569505abe4492f7,1722431600,722,81
66aa3870e569505abe4492f8,1722431600,723,82
66aa3870e569505abe4492f9,1722431600,724,80
66aa3870e569505abe4492fa,1722431600,725,81
66aa3870e569505abe4492fb,1722431600,726,82
66aa3870e569505abe4492fc,1722431600,727,80
66aa3870e569505abe4492fd,1722431600,728,80
66aa3870e569505abe4492fe,1722431600,729,81
66aa3870e569505abe4492ff,1722431600,730,82
66aa3870e569505abe449300,1722431600,731,82
66aa3870e569505abe449301,1722431600,732,82
66aa3870e569505abe449302,1722431600,733,82
66aa3870e569505abe449303,1722431600,734,80
66aa3870e569505abe449304,1722431600,735,81
66aa3870e569505abe449305,1722431600,736,81
66aa3870e569505abe449306,1722431600,737,80
66aa3870e569505abe449307,1722431600,738,81
66aa3870e569505abe449308,1722431600,739,80
66aa3870e569505abe449309,1722431600,740,81
66aa3870e569505abe44930a,1722431600,741,80
66aa3870e569505abe44930b,1722431600,742,80
66aa3870e569505abe44930c,1722431600,743,81
66aa3870e569505abe44930d,1722431600,744,82
66aa3870e569505abe44930e,1722431600,745,81
66aa3870e569505abe44930f,1722431600,746,81
66aa3870e569505abe449310,1722431600,747,82
66aa3870e569505abe449311,1722431600,748,82
66aa3870e569505abe449312,1722431600,749,81
66aa3870e569505abe449313,1722431600,750,82
66aa3870e569505abe449314,1722431600,751,80
66aa3870e569505abe449315,1722431600,752,81
66aa3870e569505abe449316,1722431600,753,82
66aa3870e569505abe449317,1722431600,754,80
66aa3870e569505abe449318,1722431600,755,80
66aa3870e569505abe449319,1722431600,756,81
66aa3870e569505abe44931a,1722431600,757,82
66aa3870e569505abe44931b,1722431600,758,80
66aa3870e569505abe44931c,1722431600,759,82
66aa3870e569505abe44931d,1722431600,760,82
66aa3870e569505abe44931e,1722431600,761,81
66aa3870e569505abe44931f,1722431600,762,81
66aa3870e569505abe449320,1722431600,763,81
66aa3870e569505abe449321,1722431600,764,82
66aa3870e569505abe449322,1722431600,765,82
66aa3870e569505abe449323,1722431600,766,81
66aa3870e569505abe449324,1722431600,767,81
66aa3870e569505abe449325,1722431600,768,82
66aa3870e569505abe449326,1722431600,769,82
66aa3870e569505abe449327,1722431600,770,81
66aa3870e569505abe449328,1722431600,771,80
66aa3870e569505abe449329,1722431600,772,80
66aa3871e569505abe44932a,1722431600,773,81
66aa3871e569505abe44932b,1722431601,774,80
66aa3871e569505abe44932c,1722431601,775,82
66aa3871e569505abe44932d,1722431601,776,82
66aa3871e569505abe44932e,1722431601,777,81
66aa3871e569505abe44932f,1722431601,778,81
66aa3871e569505abe449330,1722431601,779,82
66aa3871e569505abe449331,1722431601,780,82
66aa3871e569505abe449332,1722431601,781,81
66aa3871e569505abe449333,1722431601,782,81
66aa3871e569505abe449334,1722431601,783,82
66aa3871e569505abe449335,1722431601,784,82
66aa3871e569505abe449336,1722431601,785,80
66aa3871e569505abe449337,1722431601,786,82
66aa3871e569505abe449338,1722431601,787,82
66aa3871e569505abe449339,1722431601,788,82
66aa3871e569505abe44933a,1722431601,789,81
66aa3871e569505abe44933b,1722431601,790,80
66aa3871e569505abe44933c,1722431601,791,81
66aa3871e569505abe44933d,1722431601,792,80
66aa3871e569505abe44933e,1722431601,793,81
66aa3871e569505abe44933f,1722431601,794,82
66aa3871e569505abe449340,1722431601,795,81
66aa3871e569505abe449341,1722431601,796,81
66aa3871e569505abe449342,1722431601,797,81
66aa3871e569505abe449343,1722431601,798,80
66aa3871e569505abe449344,1722431601,799,80
66aa3871e569505abe449345,1722431601,800,81
66aa3871e569505abe449346,1722431601,801,80
66aa3871e569505abe449347,1722431601,802,80
66aa3871e569505abe449348,1722431601,803,80
66aa3871e569505abe449349,1722431601,804,81
66aa3871e569505abe44934a,1722431601,805,82
66aa3871e569505abe44934b,1722431601,806,80
66aa3871e569505abe44934c,1722431601,807,82
66aa3871e569505abe44934d,1722431601,808,80
66aa3871e569505abe44934e,1722431601,809,81
66aa3871e569505abe44934f,1722431601,810,80
66aa3871e569505abe449350,1722431601,811,81
66aa3871e569505abe449351,1722431601,812,82
66aa3871e569505abe449352,1722431601,813,80
66aa3871e569505abe449353,1722431601,814,82
66aa3871e569505abe449354,1722431601,815,80
66aa3871e569505abe449355,1722431601,816,82
66aa3871e569505abe449356,1722431601,817,82
66aa3871e569505abe449357,1722431601,818,82
66aa3871e569505abe449358,1722431601,819,82
66aa3871e569505abe449359,1722431601,820,80
66aa3871e569505abe44935a,1722431601,821,82
66aa3871e569505abe44935b,1722431601,822,80
66aa3871e569505abe44935c,1722431601,823,81
66aa3871e569505abe44935d,1722431601,824,81
66aa3871e569505abe44935e,1722431601,825,82
66aa3871e569505abe44935f,1722431601,826,82
66aa3871e569505abe449360,1722431601,827,82
66aa3871e569505abe449361,1722431601,828,82
66aa3871e569505abe449362,1722431601,829,80
66aa3871e569505abe449363,1722431601,830,81
66aa3871e569505abe449364,1722431601,831,81
66aa3871e569505abe449365,1722431601,832,80
66aa3871e569505abe449366,1722431601,833,80
66aa3871e569505abe449367,1722431601,834,81
66aa3871e569505abe449368,1722431601,835,80
66aa3871e569505abe449369,1722431601,836,80
66aa3871e569505abe44936a,1722431601,837,82
66aa3871e569505abe44936b,1722431601,838,80
66aa3871e569505abe44936c,1722431601,839,80
66aa3871e569505abe44936d,1722431601,840,82
66aa3871e569505abe44936e,1722431601,841,81
66aa3871e569505abe44936f,1722431601,842,82
66aa3871e569505abe449370,1722431601,843,82
66aa3871e569505abe449371,1722431601,844,81
66aa3871e569505abe449372,1722431601,845,82
66aa3871e569505abe449373,1722431601,846,80
66aa3871e569505abe449374,1722431601,847,82
66aa3871e569505abe449375,1722431601,848,81
66aa3871e569505abe449376,1722431601,849,80
66aa3871e569505abe449377,1722431601,850,80
66aa3871e569505abe449378,1722431601,851,82
66aa3871e569505abe449379,1722431601,852,82
66aa3871e569505abe44937a,1722431601,853,80
66aa3871e569505abe44937b,1722431601,854,80
66aa3871e569505abe44937c,1722431601,855,81
66aa3871e569505abe44937d,1722431601,856,82
66aa3871e569505abe44937e,1722431601,857,80
66aa3871e569505abe44937f,1722431601,858,80
66aa3871e569505abe449380,1722431601,859,80
66aa3871e569505abe449381,1722431601,860,81
66aa3871e569505abe449382,1722431601,861,80
66aa3871e569505abe449383,1722431601,862,81
66aa3871e569505abe449384,1722431601,863,80
66aa3871e569505abe449385,1722431601,864,82
66aa3871e569505abe449386,1722431601,865,80
66aa3871e569505abe449387,1722431601,866,82
66aa3871e569505abe449388,1722431601,867,82
66aa3871e569505abe449389,1722431601,868,82
66aa3871e569505abe44938a,1722431601,869,82
66aa3871e569505abe44938b,1722431601,870,81
66aa3871e569505abe44938c,1722431601,871,80
66aa3871e569505abe44938d,1722431601,872,80
66aa3871e569505abe44938e,1722431601,873,82
66aa3871e569505abe44938f,1722431601,874,81
66aa3871e569505abe449390,1722431601,875,82
66aa3871e569505abe449391,1722431601,876,81
66aa3871e569505abe449392,1722431601,877,81
66aa3871e569505abe449393,1722431601,878,81
66aa3871e569505abe449394,1722431601,879,80
66aa3871e569505abe449395,1722431601,880,80
66aa3871e569505abe449396,1722431601,881,82
66aa3871e569505abe449397,1722431601,882,81
66aa3871e569505abe449398,1722431601,883,80
66aa3871e569505abe449399,1722431601,884,80
66aa3871e569505abe44939a,1722431601,885,80
66aa3871e569505abe44939b,1722431601,886,81
66aa3871e569505abe44939c,1722431601,887,80
66aa3871e569505abe44939d,1722431601,888,82
66aa3871e569505abe44939e,1722431601,889,82
66aa3871e569505abe44939f,1722431601,890,80
66aa3871e569505abe4493a0,1722431601,891,80
66aa3871e569505abe4493a1,1722431601,892,80
66aa3871e569505abe4493a2,1722431601,893,82
66aa3871e569505abe4493a3,1722431601,894,82
66aa3871e569505abe4493a4,1722431601,895,82
66aa3871e569505abe4493a5,1722431601,896,82
66aa3871e569505abe4493a6,1722431601,897,80
66aa3871e569505abe4493a7,1722431601,898,82
66aa3871e569505abe4493a8,1722431601,899,82
66aa3871e569505abe4493a9,1722431601,900,80
66aa3871e569505abe4493aa,1722431601,901,81
66aa3871e569505abe4493ab,1722431601,902,82
66aa3871e569505abe4493ac,1722431601,903,82
66aa3871e569505abe4493ad,1722431601,904,81
66aa3871e569505abe4493ae,1722431601,905,80
66aa3871e569505abe4493af,1722431601,906,80
66aa3871e569505abe4493b0,1722431601,907,82
66aa3871e569505abe4493b1,1722431601,908,82
66aa3871e569505abe4493b2,1722431601,909,80
66aa3871e569505abe4493b3,1722431601,910,81
66aa3871e569505abe4493b4,1722431601,911,80
66aa3871e569505abe4493b5,1722431601,912,81
66aa3871e569505abe4493b6,1722431601,913,80
66aa3871e569505abe4493b7,1722431601,914,80
66aa3871e569505abe4493b8,1722431601,915,81
66aa3871e569505abe4493b9,1722431601,916,81
66aa3871e569505abe4493ba,1722431601,917,82
66aa3871e569505abe4493bb,1722431601,918,80
66aa3871e569505abe4493bc,1722431601,919,82
66aa3871e569505abe4493bd,1722431601,920,80
66aa3871e569505abe4493be,1722431601,921,80
66aa3871e569505abe4493bf,1722431601,922,82
66aa3871e569505abe4493c0,1722431601,923,82
66aa3871e569505abe4493c1,1722431601,924,80
66aa3871e569505abe4493c2,1722431601,925,82
66aa3871e569505abe4493c3,1722431601,926,81
66aa3871e569505abe4493c4,1722431601,927,82
66aa3871e569505abe4493c5,1722431601,928,81
66aa3871e569505abe4493c6,1722431601,929,82
66aa3871e569505abe4493c7,1722431601,930,80
66aa3871e569505abe4493c8,1722431601,931,82
66aa3871e569505abe4493c9,1722431601,932,81
66aa3871e569505abe4493ca,1722431601,933,80
66aa3871e569505abe4493cb,1722431601,934,80
66aa3871e569505abe4493cc,1722431601,935,81
66aa3871e569505abe4493cd,1722431601,936,82
66aa3871e569505abe4493ce,1722431601,937,81
66aa3871e569505abe4493cf,1722431601,938,80
66aa3871e569505abe4493d0,1722431601,939,82
66aa3871e569505abe4493d1,1722431601,940,82
66aa3871e569505abe4493d2,1722431601,941,82
66aa3871e569505abe4493d3,1722431601,942,82
66aa3871e569505abe4493d4,1722431601,943,80
66aa3871e569505abe4493d5,1722431601,944,81
66aa3871e569505abe4493d6,1722431601,945,80
66aa3871e569505abe4493d7,1722431601,946,80
66aa3871e569505abe4493d8,1722431601,947,82
66aa3872e569505abe4493d9,1722431601,948,82
66aa3872e569505abe4493da,1722431602,949,81
66aa3872e569505abe4493db,1722431602,950,81
66aa3872e569505abe4493dc,1722431602,951,80
66aa3872e569505abe4493dd,1722431602,952,80
66aa3872e569505abe4493de,1722431602,953,80
66aa3872e569505abe4493df,1722431602,954,81
66aa3872e569505abe4493e0,1722431602,955,81
66aa3872e569505abe4493e1,1722431602,956,80
66aa3872e569505abe4493e2,1722431602,957,82
66aa3872e569505abe4493e3,1722431602,958,81
66aa3872e569505abe4493e4,1722431602,959,81
66aa3872e569505abe4493e5,1722431602,960,81
66aa3872e569505abe4493e6,1722431602,961,80
66aa3872e569505abe4493e7,1722431602,962,80
66aa3872e569505abe4493e8,1722431602,963,82
66aa3872e569505abe4493e9,1722431602,964,81
66aa3872e569505abe4493ea,1722431602,965,80
66aa3872e569505abe4493eb,1722431602,966,82
66aa3872e569505abe4493ec,1722431602,967,80
66aa3872e569505abe4493ed,1722431602,968,81
66aa3872e569505abe4493ee,1722431602,969,81
66aa3872e569505abe4493ef,1722431602,970,81
66aa3872e569505abe4493f0,1722431602,971,81
66aa3872e569505abe4493f1,1722431602,972,82
66aa3872e569505abe4493f2,1722431602,973,82
66aa3872e569505abe4493f3,1722431602,974,80
66aa3872e569505abe4493f4,1722431602,975,82
66aa3872e569505abe4493f5,1722431602,976,82
66aa3872e569505abe4493f6,1722431602,977,81
66aa3872e569505abe4493f7,1722431602,978,82
66aa3872e569505abe4493f8,1722431602,979,82
66aa3872e569505abe4493f9,1722431602,980,82
66aa3872e569505abe4493fa,1722431602,981,81
66aa3872e569505abe4493fb,1722431602,982,80
66aa3872e569505abe4493fc,1722431602,983,80
66aa3872e569505abe4493fd,1722431602,984,80
66aa3872e569505abe4493fe,1722431602,985,81
66aa3872e569505abe4493ff,1722431602,986,80
66aa3872e569505abe449400,1722431602,987,80
66aa3872e569505abe449401,1722431602,988,82
66aa3872e569505abe449402,1722431602,989,80
66aa3872e569505abe449403,1722431602,990,82
66aa3872e569505abe449404,1722431602,991,82
66aa3872e569505abe449405,1722431602,992,82
66aa3872e569505abe449406,1722431602,993,80
66aa3872e569505abe449407,1722431602,994,81
66aa3872e569505abe449408,1722431602,995,81
66aa3872e569505abe449409,1722431602,996,80
66aa3872e569505abe44940a,1722431602,997,81
66aa3872e569505abe44940b,1722431602,998,82
66aa3872e569505abe44940c,1722431602,999,80
